Name;FmName
a-20g;a-20g
a-26b;a-26b
a-26b_10;a-26b_10
a-26c-45-dt;a-26c
a-26c;a-26c
a-35b;a_35b
a2d;a2d
a5m4;a5m4
a5m4_hagiri;a5m4
a6m2_mod11;a6m2_mod11
a6m2_n_zero;a6m2_n_zero
a6m2_zero;a6m2_zero
a6m2_zero_china;a6m2_zero
a6m2_zero_usa;a6m2_zero
a6m3_mod22ko_zero;a6m3_mod22_zero
a6m3_mod22_zero;a6m3_mod22_zero
a6m3_zero;a6m3_zero
a6m5hei;a6m5_hei
a6m5ko;a6m5_ko_otsu
a6m5otsu;a6m5_ko_otsu
a6m5_zero;a6m5_zero
a6m5_zero_china;a6m5_zero
a7he1;a7he1
a7m1;a7m1
a7m2;a7m2
ab_205a_1;ab_205a_1
ah-64d;ah-64d
ah_1f;ah_1f
ah_1g;ah_1g
ah_1s;ah_1s
ah_1s_early;ah_1s
ah_1s_late;ah_1s
ah_1z;ah_1z
ah_64a;ah_64a
ah_64a_peten;ah_64a
ah_64d;ah_64d
ah_64d_japan;ah_64d_japan
ah_mk1;ah_mk1
am_1_mauler;am-1_mauler
arado-196a-3;arado-196a-3
arado-234;arado-234
arado-234c-3;arado-234c-3
arado-234_hockey;arado-234_hockey
ar_2;ar_2
attaker_fb1;attaker_fb1
attaker_fb2;attaker_fb1
avenger_mk1;tbf-1c
av_8a;av_8a
av_8c;av_8c
a_109_eoa2;a_109_eoa2
a_129_a;a_129_int
a_129_cbt;a_129_cbt
a_29_hudson;a_29_hudson
a_4b;a_4b
a_4e_early;a_4e_early
a_7d;a_7d
b-17e;b-17e
b-17e_japan;b-17e
b-17e_late;b-17e_late
b-17g;b-17g
b-17g_china_rocaf;b-17g
b-17g_luftwaffe;b-17g
b-29;b-29
b-29_france_killstreak;b-29
b-29_germany_killstreak;b-29
b-29_italy_killstreak;b-29
b-29_japan_killstreak;b-29
b-29_killstreak;b-29
b-29_sweden_killstreak;b-29
b-29_uk_killstreak;b-29
b-57;b-57
b-57b;b-57b
b5n2;b5n2
b6n1;b6n1
b6n2;b6n2
b6n2a;b6n2a
b7a2;b7a2
ba_65_k14_l;ba_65_k14_l
bb-1;bb-1
beaufighter_mk21;beaufighter_mk21
beaufighter_mk6c;beaufighter_mk6c
beaufighter_mkx;beaufighter_mkx
beaufort_mkviii;beaufort_mkviii
be_6;be_6
bf-109a_1;bf-109a_1
bf-109b_2;bf-109b_2
bf-109e-1;bf-109e-1
bf-109e-3;bf-109e-1
bf-109e-3_japan;bf-109e-4
bf-109e-4;bf-109e-4
bf-109e-7;bf-109e-4
bf-109f-1;bf-109f-1
bf-109f-2;bf-109f-1
bf-109f-4;bf-109f-4
bf-109f-4_trop;bf-109f-4_trop
bf-109f-4_usa;bf-109f-4
bf-109g-10;bf-109g-10
bf-109g-14;bf-109g-14
bf-109g-14as;bf-109g-14as
bf-109g-2;bf-109g-2
bf-109g-2_hungary;bf-109g-2_romania
bf-109g-2_romania;bf-109g-2_romania
bf-109g-6;bf-109g-6
bf-109k-4;bf-109k-4
bf-109z;bf-109z
bf-110c-4;bf-110c-7
bf-110c-6;bf-110c-6
bf-110f-2;bf-110f-2
bf-110g-2;bf-110g-2
bf_110g_4;bf-110g-4
bf_110g_4_hungary;bf-110g-4
bi;bi
blenheim_mkiv;blenheim_mkiv
boomerang_mki;boomerang_mki
boomerang_mkii;boomerang_mkii
boston_mk_1;boston_mk_1
bo_105cb2;bo_105cb2
bo_105pah1;bo_105pah1
bo_105pah1_a1;bo_105pah1_a1
breda_88;breda_88
brigand_b1;brigand_b1
br_20m_m1;br_20_dr
br_20_dr;br_20_dr
br_693_ab2;br_693_ab2
btd-1;btd-1
buccaneer_s2;buccaneer_s2
bv-238;bv-238
b_10b;b_10b
b_18a;b_18a
b_18a_skeleton_turrets;b_18a
b_18a_test;b_18a
b_24d;b_24d
b_24d_luftwaffe;b_24d
b_24m_china_plaaf;b_24d
b_25j_1;b_25j_20
b_25j_20;b_25j_20
b_25j_30;b_25j_20
b_25j_30_china;b_25j_20
b_25j_30_france;b_25j_20
b_25j_30_vvs_ussr;b_25j_20
b_34;b_34
b_48_firecrest;b_48_firecrest
c-47;c-47
canberra_bimk6;canberra_bimk6
canberra_bimk6_france_killstreak;canberra_bmk2
canberra_bimk6_germany_killstreak;canberra_bmk2
canberra_bimk6_italy_killstreak;canberra_bmk2
canberra_bimk6_japan_killstreak;canberra_bmk2
canberra_bimk6_killstreak;canberra_bmk2
canberra_bimk6_sweden_killstreak;canberra_bmk2
canberra_bimk6_usa_killstreak;canberra_bmk2
canberra_bmk2;canberra_bmk2
caudron_cr714;caudron_cr714
corsair_fmk2;corsair_fmk2
cr_32;cr_32
cr_32_bis;cr_32_bis
cr_32_quater;cr_32_quater
cw_21;cw_21
d3a1;d3a1
d4y1;d4y1
d4y2;d4y2
d4y3;d4y3
db_3a;db_3a
db_3a_china;db_3a
db_3b;db_3b
db_7;db_7
douglas_ad_2;douglas_ad_2
douglas_ad_4;douglas_ad_4
douglas_ad_4_france;douglas_ad_4_france
douglas_ad_4_test;douglas_ad_4
do_17e_1;do_17e_1
do_17z_2;do_17z_2
do_17z_7;do_17z_7
do_217e_2;do_217e_2
do_217e_4;do_217e_4
do_217j_1;do_217j_1
do_217j_2;do_217j_2
do_217k_1;do_217k_1
do_217m_1;do_217m_1
do_217n_1;do_217n_1
do_217n_2;do_217n_2
do_335a_0;do_335a_0
do_335a_1;do_335a_1
do_335b_2;do_335b_2
dummy_plane;dummy_plane
d_371;d_371
d_371_hs9;d_371_hs9
d_373;d_373
d_500;d_500
d_501;d_501
d_510;d_510
d_510c;d_510
d_520;d_520
d_520_france;d_520_france
d_521;d_521
er-2_ach30b_early;er-2_ach30b_early
er-2_ach30b_late;er-2_ach30b_early
er-2_m105r_lu2b;er-2_m105_mv3
er-2_m105r_tat;er-2_m105_mv3
er-2_m105_mv3;er-2_m105_mv3
er-2_m105_tat;er-2_m105_mv3
etndard_4m;etendard_4m
f-100a_china;f-100a_china
f-100d;f_100d
f-100d_france;f_100d
f-104a;f_104a
f-104a_china;f_104a
f-104c;f_104c
f-104g;f_104g
f-104g_china;f_104g
f-104j;f_104j
f-104s;f_104s
f-4c;f-4c
f-4e;f-4e
f-4ej;f-4ej
f-4k;f-4k
f-4m_fgr2;f-4m_fgr2
f-5a_china;f_5a
f-80;f-80
f-80a;f-80a
f-82e;f-82e
f-84b;f-84b
f-84f;f-84f
f-84f_france;f-84f
f-84f_germany;f-84f
f-84f_iaf;f-84f
f-84f_italy;f-84f
f-84g;f-84g
f-84g_china;f-84g
f-84g_france;f-84g_france
f-84g_italy;f-84g
f-86a-5;f-86a-5
f-86f-2;f-86f-25
f-86f-25;f-86f-25
f-86f-30_china;f-86f-25
f-86f-30_japan;f-86f-25
f-86f-35;f-86f-25
f-86f-40_china;f-86f-40_japan
f-86f-40_japan;f-86f-40_japan
f-86f-40_japan_blue_impulse;f-86f-40_japan
f-86k_late;f-86k
f-86k_late_german;f-86k
f-86k_late_italy;f-86k
f-86_canadair_german;f-86_canadair_german
f-86_cl_13b_mk6;f-86_cl_13b_mk6
f-86_cl_13_mk4_italy;f-86e
f-89b;f-89b
f-89c_30mm;f-89b
f-89c_rocket;f-89b
f-89d;f-89d
f1;f1
f11f_1_late;f11f_1_late
f1m2;f1m2
f2a-1;f2a-1
f2a-1_thach;f2a-1
f2a-3;f2a-3
f2g-1;f2g-1
f2h-2;f2h-2
f3d_1;f3d_1
f3f-2;f3f-2
f3f-2_galer;f3f-2
f3h-2;f3h-2
f4f-3;f4f-3
f4f-4;f4f-4
f4f-4_martlet_mk4;f4f-4_martlet_mk4
f4u-1a;f4u-1a
f4u-1a_japan;f4u-1a
f4u-1a_usmc;f4u-1a_usmc
f4u-1c;f4u-1c
f4u-1d;f4u-1d
f4u-4;f4u-4
f4u-4b;f4u-4b
f4u-4b_vmf_214;f4u-4b
f4u-6_au-1;f4u-6_au-1
f4u-7;f4u-7
f6f-3;f6f-5
f6f-5n;f6f-5n
f6f-5n_france;f6f-5n_france
f6f-5_france;f6f-5_france
f7f1;f7f1
f7f3;f7f3
f8f1;f8f1
f8f1b;f8f1b
f8f1b_france;f8f1b_france
f8u-2;f8u-2
f9f-2;f9f-2
f9f-5;f9f-5
f9f-8;f9f-8
fau-1;fau-1
fc_20_bis;fc_20_bis
ffvs_j22_a;ffvs_j22_a
ffvs_j22_b;ffvs_j22_b
fiat_cr42;fiat_cr42
fiat_cr42_italy;fiat_cr42
fiat_cr42_j11;fiat_cr42
fiat_cr42_marcolin;fiat_cr42
fiat_cr42_marcolin_italy;fiat_cr42
fiat_g50_seria2;fiat_g50_seria2
fiat_g50_seria2_italy;fiat_g50_seria2
fiat_g50_seria7as;fiat_g50_seria7as
fiat_g50_seria7as_italy;fiat_g50_seria7as
fiat_g91_ps;fiat_g91_ps
fiat_g91_r1;fiat_g91_r1
fiat_g91_r3;fiat_g91_r3
fiat_g91_r4;fiat_g91_r4
fiat_g91_r4_german;fiat_g91_r4
fiat_g91_ys;fiat_g91_ys
firebrand_tf4;firebrand_tf4
firefly_mk1;firefly_mk1
firefly_mk5;firefly_mk5
fj_4b;fj_4b
fj_4b_agm_12b;fj_4b
fokker_d21_mod20;fokker_d21_mod20
fury_mk1;fury_mk1
fury_mk2;fury_mk2
fw-189a-1;fw_189a_1
fw-190a-1;fw-190a-1
fw-190a-4;fw-190a-4
fw-190a-5;fw-190a-5
fw-190a-5_cannons;fw-190a-5_cannons
fw-190a-5_cannons_tutorial;fw-190a-5_cannons
fw-190a-5_japan;fw-190a-5_cannons
fw-190a-5_u2;fw-190a-5_u2
fw-190a-8;fw-190a-8
fw-190a-8_france;fw-190a-8
fw-190a-8_usa;fw-190a-8
fw-190c;fw-190c
fw-190d-12;fw-190d-12
fw-190d-13;fw-190d-13
fw-190d-9;fw-190d-9
fw-190d-9_ussr;fw-190d-9
fw-190f-8;fw-190f-8
fw_200c_1;fw_200c_1
f_222_2;f_222_2
g4m1;g4m1
g5n1;g5n1
g5n2;g5n1
g8n1;g8n1
g8n2;g8n1
gladiator_j8a;gladiator_j8a
gladiator_j8a_iacobi;gladiator_j8a
gladiator_mk1_china;gladiator_mk2
gladiator_mk2;gladiator_mk2
gladiator_mk2_france;gladiator_mk2
gladiator_mk2_navy;gladiator_mk2_navy
gladiator_mk2_silver;gladiator_mk2
gladiator_mk2_tuck;gladiator_mk2_tuck
go229_v3;go229_v3
g_55s;g_55s
g_55_serie1;g_55_serie1
g_55_serie1_ss0;g_55_serie1_ss0
g_56;g_56
g_lynx;g_lynx
h-75a-1_finland;p-36a
h-75a-1_france;h_75a_1_france
h-75a-1_france39;p-36a
h-75a-2_finland;h_75a_2_finland
h-75a-2_france;p-36a
h-75a-2_luftwaffe;p-36a
h-75a-3_finland;p-36a
h-75a-3_france;p-36a
h-75a-3_france_vishy;p-36a
h-75a-4_finland;p-36a
h-75a-4_france;h_75a_4_france
h-75a-4_luftwaffe;p-36a
h-75a-4_raf;p-36a
h-75a-5;p-36a
h-75a-6;p-36a
h-75a-7;p-36a
h-75m;p-36a
h-75n;p-36a
h6k4;h6k4
h8k2;h8k2
h8k3;h8k3
halifax_mk3;halifax_mk3
harrier_gr1;harrier_gr1
harrier_gr3;harrier_gr3
hawk_iii;hawk_iii
he-111h-16_winter;he-111h-16_winter
he-111h-2;he-111h-2
he-111h-6;he-111h-6
he-162a-1;he-162a-2
he-162a-2;he-162a-2
he-177a-5;he-177a-5
he51a1;he51a1
he51b1;he51b1
he51b_2w;he51b_2w
he51c1;he51c1
he51c1_late;he51c1_late
hellcat_fmk1;f6f-5
he_100d_1;he_100d_1
he_112a_0;he_112a_0
he_112b_0;he_112b_0
he_112b_1;he_112b_1
he_112b_2;he_112b_2
he_112v_5;he_112v_5
he_219a_7;he_219a_7
hornet_mk1;hornet_mk1
hornet_mk3;hornet_mk3
hp52_hampden_mk1_late;hp52_hampden_mk1_late
hp52_hampden_tbmk1;hp52_hampden_tbmk1
hp52_hampden_tbmk1_ussr_utk1;hp52_hampden_tbmk1_ussr_utk1
hs-123a-1;hs_123a_1
hs-123a-1_china;hs_123a_1
hs-129b-2;hs-129b-2
hs-129b-2_romania;hs-129b-2
hs-129b-2_romania_italy;hs-129b-2
hs-129b-3;hs-129b-3
hudson_mk_v;hudson_mk_v
hudson_mk_v_gear_test;hudson_mk_v
hunter_f1;hunter_f1
hunter_f6;hunter_f6
hunter_f9;hunter_f9
hunter_f9_rhodesia;hunter_f9
hurricanemkii;hurricanemkii
hurricanemkii_ussr;hurricanemkii_ussr
hurricane_mk1;hurricane_mk1
hurricane_mk1b;hurricane_mk1b
hurricane_mk1c;hurricane_mk1c
hurricane_mk1_late;hurricane_mk1
hurricane_mk1_late_ep;hurricane_mk1
hurricane_mk4;hurricane_mk4
h_34;h_34
h_34_france;h_34_france
h_81a_2;h_81a_2
i-153p;i-153p
i-153_m62;i-153_m62
i-153_m62_china;i-153_m62
i-153_m62_zhukovskiy;i-153_m62
i-15bis;i-15bis
i-15bis_china;i-15bis
i-15_1934;i-15_1934
i-15_1935;i-15_1935
i-15_1935_moscow;i-15_1935_moscow
i-16_chung_28;i-16_chung_28
i-16_type10;i-16_type10
i-16_type10_china;i-16_type10
i-16_type17;i-16_type17
i-16_type17_china;i-16_type17
i-16_type18;i-16_type18
i-16_type24;i-16_type24
i-16_type27;i-16_type27
i-16_type28;i-16_type28
i-16_type5;i-16_type5
i-16_type5_1935_china;i-16_type5
iar_316b;iar_316b
iar_81c;iar-81c
il-10;il-10
il-10_1946;il-10_1946
il-10_1946_china;il-10_1946
il-2i;il-2i
il-2m;il-2m
il-2m_mstitel;il-2m_mstitel
il-4;il-4
il_28;il_28
il_28sh;il_28sh
il_28_china;il_28
il_28_china_killstreak;il_28
il_28_german;il_28
il_28_killstreak;il_28
il_2m_1943;il_2m_1943
il_2_1941;il_2_1941
il_2_1942;il_2_1941
il_2_1942_luftwaffe;il-2i
il_2_37_1943;il_2_37_1943
il_2_m82;il_2_m82
intruder_mk_1;intruder_mk_1
itp_m1;itp-m1
i_180;i_180
i_180_event01;i_180_event01
i_180_event02;i_180_event02
i_180_event03;i_180_event03
i_180_event04;i_180_event04
i_185_m71;i_185_m82
i_185_m71_standard;i_185_m71_standard
i_185_m82;i_185_m82
i_225;i-225
i_29;i_29
j1n1_mod11_early;j1n1_mod11_early
j2m2;j2m2
j2m3;j2m3
j2m4_kai;j2m4_kai
j2m5;j2m5
j2m5_30mm;j2m5_30mm
j5n1;j5n1
j6b;j6b
j6k1;j6k1
j7w1;j7w1
j8m1;j8m1
jaguar_a;jaguar_a
jaguar_a_germany_killstreak;jaguar_a
jaguar_a_italy_killstreak;jaguar_a
jaguar_a_japan_killstreak;jaguar_a
jaguar_a_killstreak;jaguar_a
jaguar_a_sweden_killstreak;jaguar_a
jaguar_a_uk_killstreak;jaguar_a
jaguar_a_usa_killstreak;jaguar_a
jaguar_gr1;jaguar_gr1
javelin_fmk9;javelin_fmk9
ju-188a-2;ju-188a-2
ju-288c;ju-288c
ju-388j;ju-388j
ju-52;ju-52
ju-87b-2;ju-87b-2
ju-87d-3;ju-87d-3
ju-87d-3_italy;ju-87d-3
ju-87d-5;ju-87d-5
ju-87g_1;ju-87g_1
ju-87g_2;ju-87g_2
ju-87r-2;ju-87r-2
ju-87r-2_italy;ju-87r-2
ju-88a-1;ju-88a-1
ju-88a-4;ju-88a-4
ju-88c-6;ju-88c-6
j_7_mk2;j_7_mk2
ka_29;ka_29
ka_50;ka_50
ka_52;ka_52
ki-27_otsu;ki-27_otsu
ki-27_otsu_china;ki-27_otsu
ki-27_otsu_ep;ki-27_otsu
ki-45_hei;ki-45_ko
ki-45_hei_tei;ki-45_ko
ki-45_hei_tei_china;ki-45_ko
ki-45_ko;ki-45_ko
ki-45_ko_tei;ki-45_ko
ki-45_otsu;ki-45_ko
ki-45_tei;ki-45_tei
ki-49_1;ki-49_1
ki-49_2a;ki-49_2a
ki-49_2b;ki-49_2b
ki-49_2b_late;ki-49_2b
ki-83;ki-83
ki-96;ki-96
kitsuka;kitsuka
ki_100_2;ki_100_2
ki_100_early;ki_100_early
ki_102_otsu;ki_102_otsu
ki_108;ki_108
ki_109;ki_109
ki_10_1;ki_10_1
ki_10_1_commander;ki_10_1
ki_10_2;ki_10_2
ki_10_2_commander;ki_10_2
ki_21_1hei;ki_21_1hei
ki_21_1ko;ki_21_1ko
ki_32;ki_32
ki_43_1;ki_43_1
ki_43_2;ki_43_2
ki_43_2_late;ki_43_2
ki_43_3_ko;ki_43_3_ko
ki_43_3_otsu;ki_43_3_otsu
ki_44_1;ki_44_1
ki_44_1_ep;ki_44_1
ki_44_2_hei;ki_44_2_hei
ki_44_2_hei_china;ki_44_2_hei
ki_44_2_otsu;ki_44_2_otsu
ki_61_1a_hei;ki_61_1a_hei
ki_61_1a_hei_ep;ki_61_1a_hei
ki_61_1a_ko;ki_61_1a_ko
ki_61_1a_otsu;ki_61_1a_otsu
ki_61_1a_otsu_china;ki_61_1a_otsu
ki_61_1a_otsu_usa;ki_61_1a_otsu
ki_61_1a_tei;ki_61_1a_tei
ki_61_2_early;ki_61_2_early
ki_67_1_ko;ki_67_1_ko
ki_67_1_otsu;ki_67_1_otsu
ki_84_hei;ki_84_hei
ki_84_ko;ki_84_ko
ki_84_ko_china;ki_84_ko
ki_84_otsu;ki_84_otsu
ki_87;ki_87
ki_94_2;ki_94_2
la-11;la-11
la-15;la-15
la-5fn;la-5fn
la-5fn_luftwaffe;la-5fn
la-5_type37_early;la-5_type37_early
la-5_type39;la-5f_type_39
la-7;la-7
la-7b-20;la-7b-20
la-7_3_china_plaaf;la-7
la-7_dolgushin;la-7
la-9;la-9
la-9_china;la-9
lagg-3-1;lagg-3-1
lagg-3-11;lagg-3-11
lagg-3-23;lagg-3-23
lagg-3-29;lagg-3-29
lagg-3-34;lagg-3-34
lagg-3-35;lagg-3-35
lagg-3-4;lagg-3-4
lagg-3-66;lagg-3-66
lagg-3-8;lagg-3-8
lagg-i-301;lagg-i-301
lagg_gu-37;lagg_gu-37
lancaster_mk1;lancaster_mk1
lancaster_mk3;lancaster_mk3
la_174;la_174
la_200_toriy;la_200_toriy
leo_451_early;leo_451_early
leo_451_late;leo_451_late
li-2;li-2
lightning_f6;lightning_f6
lincoln_b1;lincoln_b2
lincoln_b2;lincoln_b2
lynx_ah_mk1;lynx_ah_mk1
martin_139wc;martin_139wc
maryland_mk1;maryland_mk1
maryland_mk1_france;maryland_mk1
mbr-2;mbr-2
mb_152c1;mb_152c1
mb_157;mb_157
mb_162;mb_162
mb_174_a3;mb_174_a3
mb_175t;mb_175t
mb_5;mb_5
mc-202;mc-202
mc-202_ec;mc-202_ec
mc-202_italy;mc-202
mc-205_n2;mc-205_n2
mc-205_serie1;mc-205_serie1
mc-205_serie3;mc-205_serie3
mc200_serie3;mc200_serie3
mc200_serie3_italy;mc200_serie3
mc200_serie7;mc200_serie7
mc200_serie7_italy;mc200_serie7
md_450b_barougan;md_450b_barougan
md_450b_ouragan;md_450b_ouragan
md_452_mystere_2a;md_452_mystere_2a
md_452_mystere_2c_preproduction;md_452_mystere_2c_preproduction
md_460;md_460
md_460_usa;md_460
md_460_yt_cup_2019;md_460
me-163b-0;me-163b-0
me-163b;me-163b
me-262a-1a;me-262a-1a
me-262a-1a_early;me-262a-1a
me-262a-1a_u4;me-262a-1a_u4
me-262a-1b;me-262a-1b
me-262a-2a;me-262a-2a
me-262a1_u1;me-262a_1_u1
me-262c-1a;me-262c-1a
me-262c-2b;me-262c-2b
me-410a-1;me-410a-1
me-410a-1_u2;me-410a-1
me-410a-1_u4;me-410a-1_u4
me-410b-1;me-410b-1
me-410b-1_u2;me-410b-1
me-410b-2_u4;me-410b-2_u4
me-410b-6_r3;me-410b-6_r3
meteor_fmk3;meteor_fmk3
meteor_fmk3_navy;meteor_fmk3_navy
meteor_fmk4_lw;meteor_fmk4_lw
meteor_fmk4_sw;meteor_fmk4_sw
meteor_fmk8;meteor_fmk8
meteor_fmk8_reaper;meteor_fmk8_reaper
me_264;me_264
mi-35;mi-35
mig-15;mig-15
mig-15bis_ish;mig-15bis_ish
mig-15bis_nr23_china;mig-15
mig-15bis_nr23_german;mig-15
mig-15bis_ns23;mig-15
mig-15bis_ns23_china;mig-15
mig-15_ns23;mig-15_ns23
mig-17;mig-17
mig-17_china;mig-17
mig-17_cuba;mig-17
mig-17_f5;mig-17f
mig-19j_6a;mig-19j_6a
mig-19pt;mig-19
mig-19s;mig-19s
mig-21_bis;mig-21_bis
mig-21_f13;mig-21_f13
mig-21_mf;mig-21_mf
mig-21_pfm;mig-21_pfm
mig-21_smt;mig-21_smt
mig-9;mig-9
mig-9_china;mig-9
mig-9_late_china;mig-9_ussr
mig-9_ussr;mig-9_ussr
mig_3u;mig_3_series_1_15
mig_3_series_1_15;mig_3_series_1_15
mig_3_series_1_15_bk_pod;mig_3_series_1_15_bk_pod
mig_3_series_1_15_no_radio;mig_3_series_1_15
mig_3_series_1_15_romania;mig_3_series_1_15
mig_3_series_34;mig_3_series_34
mirage_3c;mirage_3c
mirage_3e;mirage_3e
mi_24a;mi_24a
mi_24d;mi_24v
mi_24p;mi_24p
mi_24p_german;mi_24p_german
mi_24p_german_hfs80;mi_24p_german
mi_24v;mi_24v
mi_28n;mi_28n
mi_35m;mi_35m
mi_4av;mi_4av
morko_morane;morko_morane
mosquito_fb_mk18;mosquito_fb_mk18
mosquito_fb_mk26_china;mosquito_fb_mk6
mosquito_fb_mk6;mosquito_fb_mk6
ms_405c1;ms_405
ms_406c1;ms_406c1
ms_410c1;ms_410c1
n1k1_ja;n1k1_ja
n1k1_kyuofu;n1k1_kyuofu
n1k2_j;n1k2_j
n1k2_jko;n1k2_j
nc_223_3;nc_223_3
night_fighter_mk_2;boston_mk_1
nimrod_mk1;nimrod_mk1
nimrod_mk2;nimrod_mk2
os2u_1;os2u_1
os2u_3;os2u_1
p-26a_33;p-26a_33
p-26a_34;p-26a_34
p-26a_34_m2;p-26a_34_m2
p-26a_35;p-26a_35
p-26b_35;p-26a_35
p-36a;p-36a
p-36a_brown;p-36a
p-36a_rasmussen;p-36a
p-36c;p-36c
p-36g;p-36g
p-38e;p-38e
p-38g;p-38g
p-38g_metal;p-38g
p-38j;p-38j
p-38j_marge;p-38j
p-38k;p-38k
p-38l;p-38l
p-38l_1_china_rocaf;p-38l
p-39k_1;p-39k_1
p-39n;p-39n
p-39n_su;p-39n_su
p-39q_15;p-39q_15
p-39q_5;p-39q_5
p-400;p-400
p-40c;p-40c
p-40c_china;p-40c_china
p-40e;p-40e
p-40e_china;p-40e
p-40e_td;p-40e
p-40e_ussr;p-40e
p-40f-5_france_ep;p-40f
p-40f_10;p-40f
p-43a-1;p_43a_1
p-43a-1_china;p_43a_1
p-47d-28;p-47d-28
p-47d;p-47d
p-47d_16_re;p-47d_16_re
p-47d_16_re_germany;p-47d_16_re
p-47d_22_re;p-47d_22_re
p-47d_22_re_france;p-47d_22_re
p-47d_23_ra_china_rocaf;p-47d_23_re
p-47d_23_re;p-47d_23_re
p-47d_30_china;p-47d-28
p-47d_luftwaffe;p-47d
p-47d_ussr;p-47d_ussr
p-47m-1-re;p-47m-1-re
p-47m-1-re_boxted;p-47m-1-re
p-47n-15;p-47n-15
p-51a_tl;p-51a_tl
p-51b;p-51b
p-51c-10-nt;p-51c-10-nt
p-51d-10;p-51d-10
p-51d-20-na;p-51d-20-na
p-51d-20-na_j26;p-51d-20-na
p-51d-20_china;p-51d-20-na
p-51d-30_usaaf_korea;p-51d-30_usaaf_korea
p-51d-5;p-51d-5
p-51h-5_na;p-51h-5_na
p-51k;p-51d-30_usaaf_korea
p-51_a-36;p-51_a-36
p-51_mk1;p-51b
p-51_mk1a_usaaf;p-51_mk1a_usaaf
p-59a;p_59a
p-61a_1;p-61a_1
p-61c_1;p-61c_1
p-63a-10;p-63a-10
p-63a-10_ussr;p-63a-10
p-63a-5;p-63a-5
p-63a-5_ussr;p-63a-5
p-63c-5;p-63c-5
p-63c-5_france;p-63c-5_france
p-63c-5_kingcobra_animal_version;p-63c-5
p-63c-5_ussr;p-63c-5
p-66;p-66
p1y1_mod11;p1y1_mod11
p1y1_mod11_china;p1y1_mod11
pandora_mk_1;boston_mk_1
pb4y-2;pb4y-2
pb4y-2_china;pb4y-2_china
pb4y-2_france;pb4y-2_france
pbj_1h;pbj_1h
pbj_1j;pbj_1j
pbj_1j_1;b_25j_20
pbm_1;pbm_1
pbm_3;pbm_3
pby-5;pby-5
pby-5a;pby-5a
pby-5a_raf;pby-5a
pby-5a_ussr;pby-5a
pe-2-1;pe-2-1
pe-2-110;pe-2-110
pe-2-205;pe-2-205
pe-2-31;pe-2-31
pe-2-359;pe-2-359
pe-2-359_china;pe-2-359
pe-2-83;pe-2-83
pe-3;pe-3
pe-3_bis;pe-3_bis
pe-3_early;pe-3_early
pe-8_m82;pe-8_m82
po-2;po-2
po-2_nw;po-2_nw
po-2_test;po-2
potez_630;potez_630
potez_631;potez_631
potez_633;potez_633
pv_2;pv_2
pv_2d;pv_2d
pyorremyrsky;pyorremyrsky
p_108a_serie2;p_108a_serie2
p_108b_serie1;p_108b_serie1
p_108b_serie2;p_108b_serie2
q_5a;q_5a
q_5_early;q_5_early
r2y2_kai;r2y2_kai
r2y2_v1;r2y2_v1
r2y2_v2;r2y2_v2
re_2000_ga;re_2000_ga
re_2000_ga_ep;re_2000_ga
re_2000_int;re_2000_int
re_2000_j20;re_2000_int
re_2001_cb;re_2001_cb
re_2001_cn;re_2001_cn
re_2001_serie1;re_2001_serie1
re_2001_serie1_ep;re_2001_serie1
re_2002_early;re_2002_early
re_2005_serie0;re_2005_serie0
ro_57_quadriarma;ro_57_quadriarma
saab_105g;saab_105g
saab_105oe;saab_105oe
saab_a21a_3;saab_j21a_1
saab_a21rb;saab_a21rb
saab_a32a;saab_a32a
saab_b17a;saab_b17a
saab_b17b;saab_b17b
saab_b17bs;saab_b17bs
saab_b18a;saab_b18a
saab_b18b;saab_b18b
saab_b3c;saab_b3c
saab_j21a_1;saab_j21a_1
saab_j21a_2;saab_j21a_1
saab_j21ra;saab_j21ra
saab_j29a;saab_j29a
saab_j29b;saab_j29b
saab_j29d;saab_j29d
saab_j29f;saab_j29f
saab_j32b;saab_j32b
saab_j35d;saab_j35d
saab_sk60b;saab_sk60b
saab_t18b_1;saab_t18b_1
saab_t18b_2;saab_t18b_2
sa_313b;sa_313b
sa_313b_france;sa_313b
sa_316b;sa_316b
sa_341f;sa_341f
sa_342m;sa_342m
sb2c_1c;sb2c_1c
sb2c_4;sb2c_4
sb2c_5;sb2c_4
sb2c_5_france;sb2c_4
sb2u-2;sb2u-2
sb2u-3;sb2u-3
sbd-3;sbd-3
sb_2m_100;sb_2m_100
sb_2m_100a;sb_2m_100
sb_2m_100a_spain;sb_2m_100
sb_2m_103c;sb_2m_103c
sb_2m_103u;sb_2m_103u_mv3
sb_2m_103u_china;sb_2m_103u_mv3
sb_2m_103u_mv3;sb_2m_103u_mv3
sb_2m_103_mv3;sb_2m_103c
sb_2m_105;sb_2m_105
scimitar_f1;scimitar_f1
scout_ah_mk1;scout_ah_mk1
seafire_fr47;seafire_fr47
seafire_mk17;seafire_mk17
sea_fury_fb11;sea_fury_fb11
sea_hawk_fga6;sea_hawk_fga6
sea_hawk_mk100;sea_hawk_fga6
sea_venom_faw20;sea_venom_faw20
shackleton_mr_mk_1;shackleton_mr_mk_1
sm_79_1936;sm_79_1936
sm_79_1936_italy;sm_79_1936
sm_79_1937;sm_79_1937
sm_79_1937_italy;sm_79_1937
sm_79_1939;sm_79_1939
sm_79_1939_italy;sm_79_1939
sm_79_1941;sm_79_1941
sm_79_1941_italy;sm_79_1941
sm_79_1942;sm_79_1942
sm_79_1942_italy;sm_79_1942
sm_79_1943;sm_79_1943
sm_79_1943_italy;sm_79_1943
sm_79_iar;sm_79_iar
sm_79_iar_italy;sm_79_iar
sm_91;sm_91
sm_92;sm_92
so_4050_vautour_2a;so_4050_vautour_2a
so_4050_vautour_2a_iaf;so_4050_vautour_2a
so_4050_vautour_2b;so_4050_vautour_2b
so_8000_narval;so_8000_narval
spitfiremkii;spitfiremkii
spitfiremkiia;spitfiremkiia
spitfiremkiia_ep;spitfiremkiia
spitfire_f22;spitfire_f22
spitfire_f22_test;spitfire_f22
spitfire_f24;spitfire_f24
spitfire_fr_mk14e;spitfire_fr_mk14e
spitfire_ix;spitfire_ix
spitfire_ix_early;spitfire_ix_early
spitfire_ix_plagis;spitfire_ix
spitfire_ix_tutorial;spitfire_ix
spitfire_ix_usa;spitfire_ix
spitfire_ix_ussr;spitfire_ix
spitfire_mk1;spitfire_mk1
spitfire_mk14c;spitfire_mk14c
spitfire_mk14e;spitfire_mk14e
spitfire_mk18e;spitfire_mk18e
spitfire_mk5b;spitfire_mk5b
spitfire_mk5b_italy;spitfire_mk5b
spitfire_mk5b_notrop;spitfire_mk5b_notrop
spitfire_mk5c;spitfire_mk5c
spitfire_mk5c_notrop;spitfire_mk5c_notrop
spitfire_mk9b;spitfire_ix_early
spitfire_mk9c;spitfire_ix_early
spitfire_mk9c_4cannons;spitfire_mk9c_4cannons
spitfire_xvi;spitfire_xvi
stirling_mk1;stirling_mk1
stirling_mk3;stirling_mk3
su-11;su-11
su-2_m82;su-2_m82
su-2_mv5;su-2_mv5
su-2_tss1;su-2_tss1
su-6_am42;su-6_am42
su-6_am42_23;su-6_am42_23
su-6_m71;su-6_m71
su-7b;su-7b
su-7bkl;su-7bkl
su-7bkl_china_killstreak;su-7bkl
su-7bkl_killstreak;su-7bkl
su-9;su-9
sunderland_mk3a;sunderland_mk3a
sunderland_mk5;sunderland_mk5
su_17m2;su_17m2
su_6_single;su_6_single
swift_f1;swift_f1
swift_f7;swift_f7
swordfish_mk1;swordfish_mk1
swordfish_mk2;swordfish_mk2
s_81_ar125;s_81_ar125
t2;t2
ta-152c;ta-152c
ta-152h-1;ta-152h-1
tandem_mai;tandem_mai
ta_154a_1;ta_154a_1
tbd-1_1937;tbd-1
tbd-1_1938;tbd-1
tbf-1c;tbf-1c
tb_3_m17_32;tb_3_m17_32
tempest_mk2;tempest_mk2
tempest_mkv;tempest_mkv
tempest_mkv_luftwaffe;tempest_mkv_luftwaffe
tempest_mkv_vikkers;tempest_mkv_vikkers
thunderbolt_mk1;thunderbolt_mk1
tiger_had_france;tiger_had_france
tiger_hap_france;tiger_hap_france
tiger_uht;tiger_uht
tis_ma;tis_ma
tu-2;tu-2
tu-2_early;tu-2_early
tu-2_postwar;tu-2_postwar
tu-2_postwar_china;tu-2_postwar
tu-2_postwar_late;tu-2_postwar_late
tu_14t;tu_14t
tu_4;tu_4
tu_4_china;tu_4
tu_4_china_killstreak;tu_4
tu_4_killstreak;tu_4
typhoon_mk1a;typhoon_mk1a
typhoon_mk1b;typhoon_mk1b
typhoon_mk1b_late;typhoon_mk1b_late
uh_1b;uh_1b
uh_1b_japan;uh_1b
uh_1c;uh_1c
uh_1c_xm_30;uh_1b
uh_1d;uh_1d
vampire_fb5;vampire_fb5
vampire_fb52a_italy;vampire_fb52a
vampire_fb5_j28b;vampire_fb52a
vb_10c1;vb_10c_1
vb_10_02;vb_10_02
venom_fb4;venom_fb4
vg_33;vg_33
v_11g;v_11g
v_156_b1;sb2u-3
v_156_f;v_156_f
wasp_has_mk1;wasp_has_mk1
wellington_mk10;wellington_mk10
wellington_mk1c;wellington_mk1c
wellington_mk1c_late;wellington_mk1c
wellington_mk1c_luftwaffe;wellington_mk1c
wellington_mk3;wellington_mk3
whirlwind_mk1;whirlwind_mk1
whirlwind_p9;whirlwind_p9
wirraway;wirraway
wyvern_s4;wyvern_s4
xa_38;xa_38
xf5f;xf5f
xp-50;xp-50
xp-55;xp-55
yak-15;yak-15
yak-15_early;yak-15
yak-17;yak-17
yak-1b;yak-1b
yak-1b_luftwaffe;yak-1b
yak-1_early;yak-1_early
yak-23;yak-23
yak-3;yak-3
yak-30d;yak-30d
yak-38;yak-38
yak-38m;yak-38m
yak-3p;yak-3p
yak-3t;yak-3t
yak-3u;yak_3u
yak-3_france;yak-3_france
yak-3_test;yak-3
yak-3_vk107;yak-3_vk107
yak-4;yak-4
yak-7b;yak-7b
yak-9;yak-9
yak-9b;yak-9b
yak-9k;yak-9k
yak-9m;yak-9m
yak-9p;yak-9p
yak-9t;yak-9t
yak-9t_france;yak-9t
yak-9u;yak-9u
yak-9ut;yak-9ut
yak_2_kabb;yak-2_kabb
yp-38;yp-38
z_1007_bis_serie3;z_1007_bis_serie3
z_1007_bis_serie5;z_1007_bis_serie5
